{
  "notes": [
    "V proxy uses V = drift_slow^2.",
    "delta_V_coast is step-to-step V difference (V_k - V_{k-1}).",
    "delta_V_pulse / verified fields are only present if adapter emits them; otherwise null."
  ],
  "source_run": "C:\\Users\\jacks\\OneDrive\\Desktop\\asts_sat\\benchmarks\\runs\\pfp_run_20260225T162932Z.jsonl",
  "summary": {
    "V_max": 0.00030723805965715437,
    "V_mean": 0.00021027182158391743,
    "contraction_margin_max_abs_ratio": 11.496343814528355,
    "contraction_margin_mean_abs_ratio": 11.000730867984398,
    "contraction_verified_count": 2,
    "contraction_verified_rate": 1.0,
    "contraction_verified_total": 2,
    "delta_V_coast_mean": -5.418487003796483e-07,
    "delta_V_coast_stdev": 1.906680433852399e-05,
    "delta_V_pulse_mean": -0.00014047029365139662,
    "delta_V_pulse_min": -0.00014454018263719562,
    "drift_slow_max": 0.01752820754261982,
    "drift_slow_mean": 0.01439487009142167,
    "drift_slow_stdev": 0.0017491531193727149,
    "pulses": 2,
    "pulses_per_step": 0.08,
    "records": 25
  },
  "ts_utc": "2026-02-25T16:29:34.190116Z"
}